{
  "channels": [
    {
      "color": "#0000FF",
      "data_points": [
        [
          "08:52:11",
          0
        ],
        [
          "10:51:35",
          47.41007194244604
        ],
        [
          "12:31:12",
          67.31414868105516
        ],
        [
          "14:34:07",
          76.42685851318944
        ],
        [
          "17:17:08",
          76.66666666666667
        ],
        [
          "19:38:10",
          67.79376498800958
        ],
        [
          "21:13:54",
          45.73141486810551
        ],
        [
          "22:30:14",
          0
        ]
      ],
      "gpio": 12,
      "manual": false,
      "manual_percentage": 66.9516905468771,
      "max_moonlight_percentage": 66.1,
      "moonlight": false,
      "max_pwm_value": 1023,
      "name": "blue_1",
      "percentage": 70.94278876189051,
      "pwm_value": 725
    },
   
  ],
  "serverTime": "18:48:06",
  "seconds_between_updates": 10,
  "mqtt_client_name" = "test",
  "mqtt_broker" = "192.168.0.10",
  "mqtt_port" = 1883,
  "mqtt_topic" = "/reeflight/cmd",
  "mqtt_qos" = 1
}
